{"cameraMode":{"drawMode":0,"name":"Shaded","section":"Shading Mode"},"sceneLighting":true,"audioPlay":false,"sceneViewState":{"m_AlwaysRefresh":false,"showFog":true,"showSkybox":true,"showFlares":true,"showImageEffects":true,"showParticleSystems":true,"showVisualEffectGraphs":true,"m_FxEnabled":false},"in2DMode":false,"pivot":{"x":47.8188591003418,"y":5.576705455780029,"z":-133.2183380126953},"rotation":{"x":0.19317327439785005,"y":-0.005886927712708712,"z":0.0011590402573347092,"w":0.9811474680900574},"size":10.10880184173584,"orthographic":true}